[
	{"accId":"261","accDes":"INGRESAR OPCIÓN","accUrl":"insOpciones","accetaDes":"INGRESAR OPCIÓN","acceVig":"S","optId":"2","accType":"success","accMessage":"Ingreso de opción de manera correcta ","created_at":null,"updated_at":null},
	{"accId":"262","accDes":"ACTUALIZAR OPCIÓN","accUrl":"updOpciones","accetaDes":"ACTUALIZAR OPCIÓN","acceVig":"S","optId":"2","accType":"success","accMessage":"Actualización de opción de manera correcta","created_at":null,"updated_at":null},
	{"accId":"263","accDes":"ELIMINAR OPCIÓN","accUrl":"delOpciones","accetaDes":"ELIMINAR OPCIÓN","acceVig":"S","optId":"2","accType":"success","accMessage":"Eliminación de opción de manera correcta","created_at":null,"updated_at":null},
	{"accId":"264","accDes":"INGRESAR EMPRESA","accUrl":"insEmpresa","accetaDes":"INGRESAR EMPRESA","acceVig":"S","optId":"3","accType":"success","accMessage":"Ingreso de empresa de manera correcta","created_at":null,"updated_at":null},
	{"accId":"265","accDes":"INGRESAR ACCIÓN","accUrl":"insAcciones","accetaDes":"INGRESAR ACCIÓN","acceVig":"S","optId":"2","accType":"success","accMessage":"Ingreso de accción de manera correcta","created_at":null,"updated_at":null},
	{"accId":"266","accDes":"ACTUALIZAR ACCIÓN","accUrl":"updAcciones","accetaDes":"ACTUALIZAR ACCIÓN","acceVig":"S","optId":"2","accType":"success","accMessage":"Actualización de acción de manera correcta","created_at":null,"updated_at":null},
	{"accId":"268","accDes":"INGRESAR EMPRESA - OPCIONES","accUrl":"insEmpOpt","accetaDes":"INGRESAR EMPRESA - OPCIONES","acceVig":"S","optId":"3","accType":"success","accMessage":"Se ha asociado correctamente la información","created_at":null,"updated_at":null},
	{"accId":"269","accDes":"INGRESAR  MÓDULO","accUrl":"insModulo","accetaDes":"INGRESAR  MÓDULO","acceVig":"S","optId":"6","accType":"success","accMessage":"Ingreso de módulo de manera correcta","created_at":null,"updated_at":null},
	{"accId":"270","accDes":"ACTUALIZAR MÓDULO","accUrl":"upModulo","accetaDes":"ACTUALIZAR MÓDULO","acceVig":"S","optId":"6","accType":"success","accMessage":"Actualización de módulo de manera correcta","created_at":null,"updated_at":null},
	{"accId":"271","accDes":"ACTUALIZAR USUARIO","accUrl":"upUsuario","accetaDes":"ACTUALIZAR USUARIO","acceVig":"S","optId":"4","accType":"success","accMessage":"Usuario actualizado de manera correcta","created_at":null,"updated_at":null},
	{"accId":"272","accDes":"INGRESAR ROLES","accUrl":"insRoles","accetaDes":"INGRESAR ROLES","acceVig":"S","optId":"5","accType":"success","accMessage":"Ingreso de rol de manera correcta","created_at":null,"updated_at":null},
	{"accId":"273","accDes":"ACTUALIZAR ROLES","accUrl":"updRoles","accetaDes":"ACTUALIZAR ROLES","acceVig":"S","optId":"5","accType":"success","accMessage":"Actualización de rol de manera correcta","created_at":null,"updated_at":null},
	{"accId":"274","accDes":"ELIMINAR ROL","accUrl":"delRoles","accetaDes":"ELIMINAR ROL","acceVig":"S","optId":"5","accType":"success","accMessage":"Eliminación de rol de manera correcta","created_at":null,"updated_at":null},
	{"accId":"275","accDes":"INGRESAR ADM USUARIO","accUrl":"insUserAdm","accetaDes":"INGRESAR ADM USUARIO","acceVig":"S","optId":"1","accType":"success","accMessage":"Usuario creado de manera correcta","created_at":null,"updated_at":null},
	{"accId":"276","accDes":"INGRESAR USUARIO","accUrl":"insUser","accetaDes":"INGRESAR USUARIO","acceVig":"S","optId":"4","accType":"success","accMessage":"Usuario creado de manera correcta","created_at":null,"updated_at":null},
	{"accId":"277","accDes":"ELIMINAR MÓDULO","accUrl":"delModulo","accetaDes":"ELIMINAR MÓDULO","acceVig":"S","optId":"6","accType":"success","accMessage":"Eliminación de módulo de manera correcta","created_at":null,"updated_at":null},
	{"accId":"281","accDes":"ELIMINAR GERENCIA","accUrl":"delGerencia","accetaDes":"ELIMINAR GERENCIA","acceVig":"S","optId":"11","accType":"success","accMessage":"Eliminación de gerencia de manera correcta","created_at":null,"updated_at":null},
	{"accId":"282","accDes":"ACTUALIZAR GERENCIA","accUrl":"updGerencia","accetaDes":"ACTUALIZAR GERENCIA","acceVig":"S","optId":"11","accType":"success","accMessage":"Actualización de gerencia de manera correcta","created_at":null,"updated_at":null},
	{"accId":"283","accDes":"INGRESAR  GERENCIA","accUrl":"insGerencia","accetaDes":"INGRESAR  GERENCIA","acceVig":"S","optId":"11","accType":"success","accMessage":"Ingreso de gerencia de mananera correcta","created_at":null,"updated_at":null},
	{"accId":"284","accDes":"REINICIAR USUARIO","accUrl":"reiniciar","accetaDes":"REINICIAR USUARIO","acceVig":"S","optId":"4","accType":"success","accMessage":"Usuario reiniciado de manera correcta","created_at":null,"updated_at":null},
	{"accId":"285","accDes":"DESHABILITAR","accUrl":"deshabilitar","accetaDes":"DESHABILITAR","acceVig":"S","optId":"4","accType":"success","accMessage":"Usuario deshabilitado de manera correcta","created_at":null,"updated_at":null},
	{"accId":"286","accDes":"HABILITAR","accUrl":"habilitar","accetaDes":"HABILITAR","acceVig":"S","optId":"4","accType":"success","accMessage":"Usuario habilitado de manera correcta","created_at":null,"updated_at":null},
	{"accId":"287","accDes":"HABILITAR","accUrl":"habilitarAdm","accetaDes":"HABILITAR","acceVig":"S","optId":"1","accType":"success","accMessage":"Usuario habilitado de manera correcta","created_at":null,"updated_at":null},
	{"accId":"288","accDes":"DESHABILITAR","accUrl":"deshabilitarAdm","accetaDes":"DESHABILITAR","acceVig":"S","optId":"1","accType":"success","accMessage":"Usuario deshabilitado de manera correcta","created_at":null,"updated_at":null},
	{"accId":"289","accDes":"INGRESAR MONEDA","accUrl":"insMoneda","accetaDes":"INGRESAR MONEDA","acceVig":"S","optId":"12","accType":"success","accMessage":"Ingreso de moneda de manera correcta","created_at":null,"updated_at":null},
	{"accId":"290","accDes":"ACTUALIZAR MONEDA","accUrl":"updMoneda","accetaDes":"ACTUALIZAR MONEDA","acceVig":"S","optId":"12","accType":"success","accMessage":"Actualización de moneda de manera correcta","created_at":null,"updated_at":null},
	{"accId":"291","accDes":"ELIMINAR MONEDA","accUrl":"delMoneda","accetaDes":"ELIMINAR MONEDA","acceVig":"S","optId":"12","accType":"success","accMessage":"Eliminación de moneda de manera correcta","created_at":null,"updated_at":null},
	{"accId":"292","accDes":"REINICIAR USUARIO","accUrl":"reiniciarAdm","accetaDes":"REINICIAR USUARIO","acceVig":"S","optId":"1","accType":"success","accMessage":"Usuario reiniciado de manera correcta","created_at":null,"updated_at":null},
	{"accId":"294","accDes":"ELMINAR PAÍS","accUrl":"delPais","accetaDes":"ELMINAR PAÍS","acceVig":"S","optId":"24","accType":"success","accMessage":"Eliminación de país de manera correcta","created_at":null,"updated_at":null},
	{"accId":"295","accDes":"ACTUALIZAR PAÍS","accUrl":"updPais","accetaDes":"ACTUALIZAR PAÍS","acceVig":"S","optId":"24","accType":"success","accMessage":"Actualización de país de manera correcta","created_at":null,"updated_at":null},
	{"accId":"296","accDes":"INGRESAR PAÍS","accUrl":"insPais","accetaDes":"INGRESAR PAÍS","acceVig":"S","optId":"24","accType":"success","accMessage":"Ingreso de país de manera correcta","created_at":null,"updated_at":null},
	{"accId":"297","accDes":"INGRESAR  REGIÓN","accUrl":"insRegion","accetaDes":"INGRESAR  REGIÓN","acceVig":"S","optId":"25","accType":"success","accMessage":"Ingreso de región de manera correcta","created_at":null,"updated_at":null},
	{"accId":"298","accDes":"ELIMINAR REGIÓN","accUrl":"delRegion","accetaDes":"ELIMINAR REGIÓN","acceVig":"S","optId":"25","accType":"success","accMessage":"Eliminación de región de manera correcta","created_at":null,"updated_at":null},
	{"accId":"299","accDes":"ACTUALIZAR REGIÓN","accUrl":"updRegion","accetaDes":"ACTUALIZAR REGIÓN","acceVig":"S","optId":"25","accType":"success","accMessage":"Actualización de región de manera correcta","created_at":null,"updated_at":null},
	{"accId":"300","accDes":"ACTUALIZAR CIUDAD","accUrl":"updCiudad","accetaDes":"ACTUALIZAR CIUDAD","acceVig":"S","optId":"26","accType":"success","accMessage":"Actualización de ciudad de manera correcta","created_at":null,"updated_at":null},
	{"accId":"301","accDes":"INGRESAR  CIUDAD","accUrl":"insCiudad","accetaDes":"INGRESAR  CIUDAD","acceVig":"S","optId":"26","accType":"success","accMessage":"Ingreso de ciudad de manera correcta","created_at":null,"updated_at":null},
	{"accId":"302","accDes":"ELIMINAR CIUDAD","accUrl":"delCiudad","accetaDes":"ELIMINAR CIUDAD","acceVig":"S","optId":"26","accType":"success","accMessage":"Eliminación de ciudad de manera correcta","created_at":null,"updated_at":null},
	{"accId":"303","accDes":"ACTUALIZAR COMUNA","accUrl":"updComuna","accetaDes":"ACTUALIZAR COMUNA","acceVig":"S","optId":"27","accType":"success","accMessage":"Actualización de comuna de manera correcta","created_at":null,"updated_at":null},
	{"accId":"304","accDes":"INGRESAR COMUNA","accUrl":"insComuna","accetaDes":"INGRESAR COMUNA","acceVig":"S","optId":"27","accType":"success","accMessage":"Ingreso de comuna de manera correcta","created_at":null,"updated_at":null},
	{"accId":"305","accDes":"ELIMINAR COMUNA","accUrl":"delComuna","accetaDes":"ELIMINAR COMUNA","acceVig":"S","optId":"27","accType":"success","accMessage":"Eliminación de comuna de manera correcta","created_at":null,"updated_at":null},
	{"accId":"306","accDes":"INGRESAR  PROVEEDOR","accUrl":"insProveedor","accetaDes":"INGRESAR  PROVEEDOR","acceVig":"S","optId":"14","accType":"success","accMessage":"Ingreso de proveedor de manera correcta","created_at":null,"updated_at":null},
	{"accId":"307","accDes":"INGRESAR DIRECCIÓN DE PROVEEDOR","accUrl":"insDir","accetaDes":"INGRESAR DIRECCIÓN DE PROVEEDOR","acceVig":"S","optId":"14","accType":"success","accMessage":"Ingreso correcto de dirección de proveedor","created_at":null,"updated_at":null},
	{"accId":"308","accDes":"ACTUALIZAR PROVEEDOR","accUrl":"updProveedor","accetaDes":"ACTUALIZAR PROVEEDOR","acceVig":"S","optId":"14","accType":"success","accMessage":"Actualización de proveedor de manera correcta","created_at":null,"updated_at":null},
	{"accId":"309","accDes":"ACTUALIZAR  MOTIVO","accUrl":"updMotivo","accetaDes":"ACTUALIZAR  MOTIVO","acceVig":"S","optId":"13","accType":"success","accMessage":"Actualización de motivo de manera correcta","created_at":null,"updated_at":null},
	{"accId":"310","accDes":"INGRESAR MOTIVO","accUrl":"insMotivo","accetaDes":"INGRESAR MOTIVO","acceVig":"S","optId":"13","accType":"success","accMessage":"Ingreso de motivo de manera correcta","created_at":null,"updated_at":null},
	{"accId":"311","accDes":"ELIMINACIÓN DE MOTIVO","accUrl":"delMotivo","accetaDes":"ELIMINACIÓN DE MOTIVO","acceVig":"S","optId":"13","accType":"success","accMessage":"Eliminación de motivo de manera correcta","created_at":null,"updated_at":null},
	{"accId":"312","accDes":"ACTUALIZAR GRUPO","accUrl":"updGrupo","accetaDes":"ACTUALIZAR GRUPO","acceVig":"S","optId":"29","accType":"success","accMessage":"Actualización de grupo de manera correcta","created_at":null,"updated_at":null},
	{"accId":"313","accDes":"INGRESAR GRUPO","accUrl":"insGrupo","accetaDes":"INGRESAR GRUPO","acceVig":"S","optId":"29","accType":"success","accMessage":"Ingreso de grupo de manera correcta","created_at":null,"updated_at":null},
	{"accId":"314","accDes":"ELIMINAR GRUPO","accUrl":"delGrupo","accetaDes":"ELIMINAR GRUPO","acceVig":"S","optId":"29","accType":"success","accMessage":"Eliminación de grupo de manera correcta","created_at":null,"updated_at":null},
	{"accId":"315","accDes":"ELIMINACIÓN DE COLOR","accUrl":"delColor","accetaDes":"ELIMINACIÓN DE COLOR","acceVig":"S","optId":"28","accType":"success","accMessage":"Eliminación de color de manera correcta","created_at":null,"updated_at":null},
	{"accId":"316","accDes":"ACTUALIZAR COLOR","accUrl":"updColor","accetaDes":"ACTUALIZAR COLOR","acceVig":"S","optId":"28","accType":"success","accMessage":"Actualización de color de manera correcta","created_at":null,"updated_at":null},
	{"accId":"317","accDes":"INGRESAR COLOR","accUrl":"insColor","accetaDes":"INGRESAR COLOR","acceVig":"S","optId":"28","accType":"success","accMessage":"Ingreso de color de manera correcta","created_at":null,"updated_at":null},
	{"accId":"318","accDes":"ELIMINAR SUB GRUPO","accUrl":"delSubGrupo","accetaDes":"ELIMINAR SUB GRUPO","acceVig":"S","optId":"30","accType":"success","accMessage":"Eliminación de sub-grupo de manera correcta","created_at":null,"updated_at":null},
	{"accId":"319","accDes":"INGRESAR SUB GRUPO","accUrl":"insSubGrupo","accetaDes":"INGRESAR SUB GRUPO","acceVig":"S","optId":"30","accType":"success","accMessage":"Ingreso de sub-grupo de manera correcta","created_at":null,"updated_at":null},
	{"accId":"320","accDes":"ACTUALIZAR SUB GRUPO","accUrl":"updSubGrupo","accetaDes":"ACTUALIZAR SUB GRUPO","acceVig":"S","optId":"30","accType":"success","accMessage":"Actualización de sub-grupo de manera correcta","created_at":null,"updated_at":null},
	{"accId":"321","accDes":"ACTUALIZAR UNIDAD DE MEDIDA","accUrl":"updUnidad","accetaDes":"ACTUALIZAR UNIDAD DE MEDIDA","acceVig":"S","optId":"32","accType":"success","accMessage":"Actualización de unidad de medida de manera correcta","created_at":null,"updated_at":null},
	{"accId":"322","accDes":"ELIMINAR UNIDAD DE MEDIDA","accUrl":"delUnidad","accetaDes":"ELIMINAR UNIDAD DE MEDIDA","acceVig":"S","optId":"32","accType":"success","accMessage":"Eliminación de unidad de medida de manera correcta","created_at":null,"updated_at":null},
	{"accId":"323","accDes":"INGRESAR UNIDAD DE MEDIDA","accUrl":"insUnidad","accetaDes":"INGRESAR UNIDAD DE MEDIDA","acceVig":"S","optId":"32","accType":"success","accMessage":"Ingreso de unidad de medida de manera correcta","created_at":null,"updated_at":null},
	{"accId":"324","accDes":"ELIMINAR ACCIÓN","accUrl":"delAcciones","accetaDes":null,"acceVig":null,"optId":"2","accType":"success","accMessage":"Eliminación de acción de manera correcta","created_at":"2024-05-09 12:38:15","updated_at":"2024-05-09 12:38:15"},
	{"accId":"325","accDes":"ELIMINAR ETAPA","accUrl":"delEtapas","accetaDes":null,"acceVig":null,"optId":"7","accType":"success","accMessage":"Eliminación de etapa de manera correcta","created_at":"2024-05-09 16:10:59","updated_at":"2024-05-09 16:10:59"},
	{"accId":"326","accDes":"ACTUALIZAR ETAPA","accUrl":"updEtapas","accetaDes":null,"acceVig":null,"optId":"7","accType":"success","accMessage":"Actualización de etapa de manera correcta","created_at":"2024-05-09 16:11:30","updated_at":"2024-05-09 16:11:30"},
	{"accId":"327","accDes":"INGRESAR ETAPA","accUrl":"insEtapas","accetaDes":null,"acceVig":null,"optId":"7","accType":"success","accMessage":"Ingreso de etapa de manera correcta","created_at":"2024-05-09 16:11:52","updated_at":"2024-05-09 16:11:52"},
	{"accId":"328","accDes":"ACTUALIZAR MAQUINA","accUrl":"updMaquinas","accetaDes":null,"acceVig":null,"optId":"15","accType":"success","accMessage":"Actualización de maquina de manera correcta","created_at":"2024-05-09 16:29:45","updated_at":"2024-05-09 16:29:45"},
	{"accId":"329","accDes":"INGRESAR MAQUINA","accUrl":"insMaquinas","accetaDes":null,"acceVig":null,"optId":"15","accType":"success","accMessage":"Ingreso de maquina de manera correcta","created_at":"2024-05-09 16:30:32","updated_at":"2024-05-09 16:30:32"},
	{"accId":"330","accDes":"ELIMINAR MAQUINA","accUrl":"delMaquinas","accetaDes":null,"acceVig":null,"optId":"15","accType":"success","accMessage":"Eliminación de maquina de manera correcta","created_at":"2024-05-09 16:31:06","updated_at":"2024-05-09 16:31:06"}
	]
	