[
	{
		"idEta" : 1,
		"idEtaDes" : 1,
		"etaDesDes" : "LOGEO DE USUARIO",
		"etaFecIni" : null,
		"etaFecFin" : null,
		"etaDesDel" : "N",
		"created_at" : "2023-11-23 11:44:30",
		"updated_at" : "2023-11-23 11:44:30",
		"etaDesType" : null,
		"etaDesMessage" : null
	},
	{
		"idEta" : 1,
		"idEtaDes" : 2,
		"etaDesDes" : "INGRESO DE USUARIO",
		"etaFecIni" : null,
		"etaFecFin" : null,
		"etaDesDel" : "N",
		"created_at" : "2023-11-23 11:44:30",
		"updated_at" : "2023-11-23 11:44:30",
		"etaDesType" : null,
		"etaDesMessage" : null
	},
	{
		"idEta" : 1,
		"idEtaDes" : 3,
		"etaDesDes" : "REINICIO DE USUARIO",
		"etaFecIni" : null,
		"etaFecFin" : null,
		"etaDesDel" : "N",
		"created_at" : "2023-11-23 11:44:30",
		"updated_at" : "2023-11-23 11:44:30",
		"etaDesType" : null,
		"etaDesMessage" : null
	},
	{
		"idEta" : 1,
		"idEtaDes" : 4,
		"etaDesDes" : "DESHABILITAR USUARIO",
		"etaFecIni" : null,
		"etaFecFin" : null,
		"etaDesDel" : "N",
		"created_at" : "2023-11-23 11:44:30",
		"updated_at" : "2023-11-23 11:44:30",
		"etaDesType" : null,
		"etaDesMessage" : null
	},
	{
		"idEta" : 1,
		"idEtaDes" : 5,
		"etaDesDes" : "HABILITAR USUARIO",
		"etaFecIni" : null,
		"etaFecFin" : null,
		"etaDesDel" : "N",
		"created_at" : "2023-11-23 11:44:30",
		"updated_at" : "2023-11-23 11:44:30",
		"etaDesType" : null,
		"etaDesMessage" : null
	},
	{
		"idEta" : 1,
		"idEtaDes" : 6,
		"etaDesDes" : "INGRESO ROL",
		"etaFecIni" : null,
		"etaFecFin" : null,
		"etaDesDel" : "N",
		"created_at" : "2023-11-23 11:44:30",
		"updated_at" : "2023-11-23 11:44:30",
		"etaDesType" : null,
		"etaDesMessage" : null
	},
	{
		"idEta" : 1,
		"idEtaDes" : 7,
		"etaDesDes" : "ACUALIZAR ROL",
		"etaFecIni" : null,
		"etaFecFin" : null,
		"etaDesDel" : "N",
		"created_at" : "2023-11-23 11:44:30",
		"updated_at" : "2023-11-23 11:44:30",
		"etaDesType" : null,
		"etaDesMessage" : null
	},
	{
		"idEta" : 1,
		"idEtaDes" : 8,
		"etaDesDes" : "ELIMINAR ROL",
		"etaFecIni" : null,
		"etaFecFin" : null,
		"etaDesDel" : "N",
		"created_at" : "2023-11-23 11:44:30",
		"updated_at" : "2023-11-23 11:44:30",
		"etaDesType" : null,
		"etaDesMessage" : null
	},
	{
		"idEta" : 2,
		"idEtaDes" : 9,
		"etaDesDes" : "INGRESO  ETAPA",
		"etaFecIni" : null,
		"etaFecFin" : null,
		"etaDesDel" : "N",
		"created_at" : "2023-11-23 11:44:30",
		"updated_at" : "2023-11-23 11:44:30",
		"etaDesType" : null,
		"etaDesMessage" : null
	},
	{
		"idEta" : 2,
		"idEtaDes" : 10,
		"etaDesDes" : "ACTUALIZAR ETAPA",
		"etaFecIni" : null,
		"etaFecFin" : null,
		"etaDesDel" : "N",
		"created_at" : "2023-11-23 11:44:30",
		"updated_at" : "2023-11-23 11:44:30",
		"etaDesType" : null,
		"etaDesMessage" : null
	},
	{
		"idEta" : 2,
		"idEtaDes" : 11,
		"etaDesDes" : "ELIMINAR ETAPA",
		"etaFecIni" : null,
		"etaFecFin" : null,
		"etaDesDel" : "N",
		"created_at" : "2023-11-23 11:44:30",
		"updated_at" : "2023-11-23 11:44:30",
		"etaDesType" : null,
		"etaDesMessage" : null
	},
	{
		"idEta" : 2,
		"idEtaDes" : 12,
		"etaDesDes" : "CARGAR CALENDARIO JUL",
		"etaFecIni" : null,
		"etaFecFin" : null,
		"etaDesDel" : "N",
		"created_at" : "2023-11-23 11:44:30",
		"updated_at" : "2023-11-23 11:44:30",
		"etaDesType" : null,
		"etaDesMessage" : null
	},
	{
		"idEta" : 2,
		"idEtaDes" : 13,
		"etaDesDes" : "ELIMINAR CALENDARIO JUL",
		"etaFecIni" : null,
		"etaFecFin" : null,
		"etaDesDel" : "N",
		"created_at" : "2023-11-23 11:44:30",
		"updated_at" : "2023-11-23 11:44:30",
		"etaDesType" : null,
		"etaDesMessage" : null
	},
	{
		"idEta" : 2,
		"idEtaDes" : 14,
		"etaDesDes" : "INGRESO GERENCIA",
		"etaFecIni" : null,
		"etaFecFin" : null,
		"etaDesDel" : "N",
		"created_at" : "2023-11-23 11:44:30",
		"updated_at" : "2023-11-23 11:44:30",
		"etaDesType" : null,
		"etaDesMessage" : null
	},
	{
		"idEta" : 2,
		"idEtaDes" : 15,
		"etaDesDes" : "ACTUALIZAR GERENCIA",
		"etaFecIni" : null,
		"etaFecFin" : null,
		"etaDesDel" : "N",
		"created_at" : "2023-11-23 11:44:30",
		"updated_at" : "2023-11-23 11:44:30",
		"etaDesType" : null,
		"etaDesMessage" : null
	},
	{
		"idEta" : 2,
		"idEtaDes" : 16,
		"etaDesDes" : "ELIMINAR GERENCIA",
		"etaFecIni" : null,
		"etaFecFin" : null,
		"etaDesDel" : "N",
		"created_at" : "2023-11-23 11:44:30",
		"updated_at" : "2023-11-23 11:44:30",
		"etaDesType" : null,
		"etaDesMessage" : null
	},
	{
		"idEta" : 2,
		"idEtaDes" : 17,
		"etaDesDes" : "INGRESO MONEDA",
		"etaFecIni" : null,
		"etaFecFin" : null,
		"etaDesDel" : "N",
		"created_at" : "2023-11-23 11:44:30",
		"updated_at" : "2023-11-23 11:44:30",
		"etaDesType" : null,
		"etaDesMessage" : null
	},
	{
		"idEta" : 2,
		"idEtaDes" : 18,
		"etaDesDes" : "ACTUALIZAR MONEDA",
		"etaFecIni" : null,
		"etaFecFin" : null,
		"etaDesDel" : "N",
		"created_at" : "2023-11-23 11:44:30",
		"updated_at" : "2023-11-23 11:44:30",
		"etaDesType" : null,
		"etaDesMessage" : null
	},
	{
		"idEta" : 2,
		"idEtaDes" : 19,
		"etaDesDes" : "ELIMINAR MONEDA",
		"etaFecIni" : null,
		"etaFecFin" : null,
		"etaDesDel" : "N",
		"created_at" : "2023-11-23 11:44:30",
		"updated_at" : "2023-11-23 11:44:30",
		"etaDesType" : null,
		"etaDesMessage" : null
	},
	{
		"idEta" : 2,
		"idEtaDes" : 20,
		"etaDesDes" : "INGRESO PROVEEDOR/CLIENTE",
		"etaFecIni" : null,
		"etaFecFin" : null,
		"etaDesDel" : "N",
		"created_at" : "2023-11-23 11:44:30",
		"updated_at" : "2023-11-23 11:44:30",
		"etaDesType" : null,
		"etaDesMessage" : null
	},
	{
		"idEta" : 2,
		"idEtaDes" : 21,
		"etaDesDes" : "ACTUALIZAR PROVEEDOR/CLIENTE",
		"etaFecIni" : null,
		"etaFecFin" : null,
		"etaDesDel" : "N",
		"created_at" : "2023-11-23 11:44:30",
		"updated_at" : "2023-11-23 11:44:30",
		"etaDesType" : null,
		"etaDesMessage" : null
	},
	{
		"idEta" : 2,
		"idEtaDes" : 22,
		"etaDesDes" : "DESHABILITAR PROVEEDOR/CLIENTE",
		"etaFecIni" : null,
		"etaFecFin" : null,
		"etaDesDel" : "N",
		"created_at" : "2023-11-23 11:44:30",
		"updated_at" : "2023-11-23 11:44:30",
		"etaDesType" : null,
		"etaDesMessage" : null
	},
	{
		"idEta" : 2,
		"idEtaDes" : 23,
		"etaDesDes" : "INGRESO DIR PROVEEDOR/CLIENTE",
		"etaFecIni" : null,
		"etaFecFin" : null,
		"etaDesDel" : "N",
		"created_at" : "2023-11-23 11:44:30",
		"updated_at" : "2023-11-23 11:44:30",
		"etaDesType" : null,
		"etaDesMessage" : null
	},
	{
		"idEta" : 2,
		"idEtaDes" : 24,
		"etaDesDes" : "ELIMINAR DIR PROVEEDOR/CLIENTE",
		"etaFecIni" : null,
		"etaFecFin" : null,
		"etaDesDel" : "N",
		"created_at" : "2023-11-23 11:44:30",
		"updated_at" : "2023-11-23 11:44:30",
		"etaDesType" : null,
		"etaDesMessage" : null
	},
	{
		"idEta" : 2,
		"idEtaDes" : 25,
		"etaDesDes" : "INGRESO COLOR",
		"etaFecIni" : null,
		"etaFecFin" : null,
		"etaDesDel" : "N",
		"created_at" : "2023-11-23 11:44:30",
		"updated_at" : "2023-11-23 11:44:30",
		"etaDesType" : null,
		"etaDesMessage" : null
	},
	{
		"idEta" : 2,
		"idEtaDes" : 26,
		"etaDesDes" : "ACTUALIZAR COLOR",
		"etaFecIni" : null,
		"etaFecFin" : null,
		"etaDesDel" : "N",
		"created_at" : "2023-11-23 11:44:30",
		"updated_at" : "2023-11-23 11:44:30",
		"etaDesType" : null,
		"etaDesMessage" : null
	},
	{
		"idEta" : 2,
		"idEtaDes" : 27,
		"etaDesDes" : "ELIMINAR COLOR",
		"etaFecIni" : null,
		"etaFecFin" : null,
		"etaDesDel" : "N",
		"created_at" : "2023-11-23 11:44:30",
		"updated_at" : "2023-11-23 11:44:30",
		"etaDesType" : null,
		"etaDesMessage" : null
	},
	{
		"idEta" : 2,
		"idEtaDes" : 28,
		"etaDesDes" : "INGRESO GRUPO",
		"etaFecIni" : null,
		"etaFecFin" : null,
		"etaDesDel" : "N",
		"created_at" : "2023-11-23 11:44:30",
		"updated_at" : "2023-11-23 11:44:30",
		"etaDesType" : null,
		"etaDesMessage" : null
	},
	{
		"idEta" : 2,
		"idEtaDes" : 29,
		"etaDesDes" : "ACTUALIZAR GRUPO",
		"etaFecIni" : null,
		"etaFecFin" : null,
		"etaDesDel" : "N",
		"created_at" : "2023-11-23 11:44:30",
		"updated_at" : "2023-11-23 11:44:30",
		"etaDesType" : null,
		"etaDesMessage" : null
	},
	{
		"idEta" : 2,
		"idEtaDes" : 30,
		"etaDesDes" : "ELIMINAR GRUPO",
		"etaFecIni" : null,
		"etaFecFin" : null,
		"etaDesDel" : "N",
		"created_at" : "2023-11-23 11:44:30",
		"updated_at" : "2023-11-23 11:44:30",
		"etaDesType" : null,
		"etaDesMessage" : null
	},
	{
		"idEta" : 2,
		"idEtaDes" : 31,
		"etaDesDes" : "INGRESO SUB-GRUPO",
		"etaFecIni" : null,
		"etaFecFin" : null,
		"etaDesDel" : "N",
		"created_at" : "2023-11-23 11:44:30",
		"updated_at" : "2023-11-23 11:44:30",
		"etaDesType" : null,
		"etaDesMessage" : null
	},
	{
		"idEta" : 2,
		"idEtaDes" : 32,
		"etaDesDes" : "ACTUALIZAR SUB-GRUPO",
		"etaFecIni" : null,
		"etaFecFin" : null,
		"etaDesDel" : "N",
		"created_at" : "2023-11-23 11:44:30",
		"updated_at" : "2023-11-23 11:44:30",
		"etaDesType" : null,
		"etaDesMessage" : null
	},
	{
		"idEta" : 2,
		"idEtaDes" : 33,
		"etaDesDes" : "ELIMINAR SUB-GRUPO",
		"etaFecIni" : null,
		"etaFecFin" : null,
		"etaDesDel" : "N",
		"created_at" : "2023-11-23 11:44:30",
		"updated_at" : "2023-11-23 11:44:30",
		"etaDesType" : null,
		"etaDesMessage" : null
	},
	{
		"idEta" : 2,
		"idEtaDes" : 34,
		"etaDesDes" : "INGRESO MATERIAL",
		"etaFecIni" : null,
		"etaFecFin" : null,
		"etaDesDel" : "N",
		"created_at" : "2023-11-23 11:44:30",
		"updated_at" : "2023-11-23 11:44:30",
		"etaDesType" : null,
		"etaDesMessage" : null
	},
	{
		"idEta" : 2,
		"idEtaDes" : 35,
		"etaDesDes" : "ACTUALIZAR MATERIAL",
		"etaFecIni" : null,
		"etaFecFin" : null,
		"etaDesDel" : "N",
		"created_at" : "2023-11-23 11:44:30",
		"updated_at" : "2023-11-23 11:44:30",
		"etaDesType" : null,
		"etaDesMessage" : null
	},
	{
		"idEta" : 2,
		"idEtaDes" : 36,
		"etaDesDes" : "INGRESO UNIDAD MEDIDA",
		"etaFecIni" : null,
		"etaFecFin" : null,
		"etaDesDel" : "N",
		"created_at" : "2023-11-23 11:44:30",
		"updated_at" : "2023-11-23 11:44:30",
		"etaDesType" : null,
		"etaDesMessage" : null
	},
	{
		"idEta" : 2,
		"idEtaDes" : 37,
		"etaDesDes" : "ACTUALIZAR UNIDAD MEDIDA",
		"etaFecIni" : null,
		"etaFecFin" : null,
		"etaDesDel" : "N",
		"created_at" : "2023-11-23 11:44:30",
		"updated_at" : "2023-11-23 11:44:30",
		"etaDesType" : null,
		"etaDesMessage" : null
	},
	{
		"idEta" : 2,
		"idEtaDes" : 38,
		"etaDesDes" : "ELIMINAR UNIDAD MEDIDA",
		"etaFecIni" : null,
		"etaFecFin" : null,
		"etaDesDel" : "N",
		"created_at" : "2023-11-23 11:44:30",
		"updated_at" : "2023-11-23 11:44:30",
		"etaDesType" : null,
		"etaDesMessage" : null
	},
	{
		"idEta" : 2,
		"idEtaDes" : 39,
		"etaDesDes" : "INGRESO MAQUINA",
		"etaFecIni" : null,
		"etaFecFin" : null,
		"etaDesDel" : "N",
		"created_at" : "2023-11-23 11:44:30",
		"updated_at" : "2023-11-23 11:44:30",
		"etaDesType" : null,
		"etaDesMessage" : null
	},
	{
		"idEta" : 2,
		"idEtaDes" : 40,
		"etaDesDes" : "ACTUALIZAR MAQUINA",
		"etaFecIni" : null,
		"etaFecFin" : null,
		"etaDesDel" : "N",
		"created_at" : "2023-11-23 11:44:30",
		"updated_at" : "2023-11-23 11:44:30",
		"etaDesType" : null,
		"etaDesMessage" : null
	},
	{
		"idEta" : 2,
		"idEtaDes" : 41,
		"etaDesDes" : "ELIMINAR MAQUINA",
		"etaFecIni" : null,
		"etaFecFin" : null,
		"etaDesDel" : "N",
		"created_at" : "2023-11-23 11:44:30",
		"updated_at" : "2023-11-23 11:44:30",
		"etaDesType" : null,
		"etaDesMessage" : null
	},
	{
		"idEta" : 2,
		"idEtaDes" : 42,
		"etaDesDes" : "INGRESO MOTIVO",
		"etaFecIni" : null,
		"etaFecFin" : null,
		"etaDesDel" : "N",
		"created_at" : "2023-11-23 11:44:30",
		"updated_at" : "2023-11-23 11:44:30",
		"etaDesType" : null,
		"etaDesMessage" : null
	},
	{
		"idEta" : 2,
		"idEtaDes" : 43,
		"etaDesDes" : "ACTUALIZAR MOTIVO",
		"etaFecIni" : null,
		"etaFecFin" : null,
		"etaDesDel" : "N",
		"created_at" : "2023-11-23 11:44:30",
		"updated_at" : "2023-11-23 11:44:30",
		"etaDesType" : null,
		"etaDesMessage" : null
	},
	{
		"idEta" : 2,
		"idEtaDes" : 44,
		"etaDesDes" : "ELIMINAR MOTIVO",
		"etaFecIni" : null,
		"etaFecFin" : null,
		"etaDesDel" : "N",
		"created_at" : "2023-11-23 11:44:30",
		"updated_at" : "2023-11-23 11:44:30",
		"etaDesType" : null,
		"etaDesMessage" : null
	},
	{
		"idEta" : 2,
		"idEtaDes" : 45,
		"etaDesDes" : "CARGAR EQUIVALENCIA",
		"etaFecIni" : null,
		"etaFecFin" : null,
		"etaDesDel" : "N",
		"created_at" : "2023-11-23 11:44:30",
		"updated_at" : "2023-11-23 11:44:30",
		"etaDesType" : null,
		"etaDesMessage" : null
	},
	{
		"idEta" : 2,
		"idEtaDes" : 46,
		"etaDesDes" : "ACTUALIZA EQUIVALENCIA",
		"etaFecIni" : null,
		"etaFecFin" : null,
		"etaDesDel" : "N",
		"created_at" : "2023-11-23 11:44:30",
		"updated_at" : "2023-11-23 11:44:30",
		"etaDesType" : null,
		"etaDesMessage" : null
	},
	{
		"idEta" : 1,
		"idEtaDes" : 47,
		"etaDesDes" : "INGRESO DE MÓDULO",
		"etaFecIni" : null,
		"etaFecFin" : null,
		"etaDesDel" : "S",
		"created_at" : "2023-11-26 23:05:26",
		"updated_at" : "2023-11-26 23:05:26",
		"etaDesType" : null,
		"etaDesMessage" : null
	},
	{
		"idEta" : 1,
		"idEtaDes" : 48,
		"etaDesDes" : "ACTUALIZAR MÓDULO",
		"etaFecIni" : null,
		"etaFecFin" : null,
		"etaDesDel" : "S",
		"created_at" : "2023-11-27 15:58:41",
		"updated_at" : "2023-11-27 15:58:41",
		"etaDesType" : null,
		"etaDesMessage" : null
	},
	{
		"idEta" : 1,
		"idEtaDes" : 49,
		"etaDesDes" : "ELIMINAR MÓDULO",
		"etaFecIni" : null,
		"etaFecFin" : null,
		"etaDesDel" : "S",
		"created_at" : "2023-11-27 15:58:51",
		"updated_at" : "2023-11-27 15:58:51",
		"etaDesType" : null,
		"etaDesMessage" : null
	}
]
