[
 
 {
  "PRVRUT": "99538350-0",
  "PrvNom": "DIMENSION S.A. ",
  "PrvNom2": "DIMENSION S.A.",
  "PrvGiro": 270,
  "PrvDir": "SANTA MARGARITA 0841",
  "PrvNum": null,
  "PrvTel": 227264200,
  "PrvMail": null,
  "prvCli": "S",
  "prvPrv": "S",
  "Paicod": "CL",
  "RegCod": 13,
  "ComCod": 13401,
  "CiuCod": "134",
  "prvAct(S\/N)": "S"
 },
 {
  "PRVRUT": "99574340-K",
  "PrvNom": "MAIGAS COMERCIAL S.A. ",
  "PrvNom2": "MAIGAS",
  "PrvGiro": 183,
  "PrvDir": "SAN NICOLAS N°1046",
  "PrvNum": null,
  "PrvTel": 24450079,
  "PrvMail": null,
  "prvCli": "S",
  "prvPrv": "S",
  "Paicod": "CL",
  "RegCod": 13,
  "ComCod": 13130,
  "CiuCod": "131",
  "prvAct(S\/N)": "S"
 },
 {
  "PRVRUT": "99576580-2",
  "PrvNom": "BAGLEY CHILE S.A. ",
  "PrvNom2": "BAGLEY CHILE S.A.",
  "PrvGiro": 69,
  "PrvDir": "La Farfana N°400  ",
  "PrvNum": null,
  "PrvTel": null,
  "PrvMail": null,
  "prvCli": "S",
  "prvPrv": "N",
  "Paicod": "CL",
  "RegCod": 13,
  "ComCod": 13124,
  "CiuCod": "131",
  "prvAct(S\/N)": "S"
 },
 {
  "PRVRUT": "99598780-5",
  "PrvNom": "OCTANIS S.A. ",
  "PrvNom2": " ",
  "PrvGiro": 202,
  "PrvDir": "SAN PIO 2460 OF 903",
  "PrvNum": null,
  "PrvTel": 22359100,
  "PrvMail": null,
  "prvCli": "S",
  "prvPrv": "N",
  "Paicod": "CL",
  "RegCod": 13,
  "ComCod": 13123,
  "CiuCod": "131",
  "prvAct(S\/N)": "S"
 }
]